asset_name,asset_type,terrain_risk,priority_level,covered_by_original_ARIA,barrier_lake_impact,landslide_impact,debris_flow_impact
Guangfu_Station,critical_infra,N/A,2.0,0,0,1,0
Guangfu_Elementary,shelter,N/A,1.0,0,0,1,0
Guangfu_Township_Office,shelter,N/A,1.0,0,0,1,0
Mataian_Hwy9_Bridge,bridge,N/A,1.0,0,0,1,0
Foxu_Debris_Zone,critical_infra,N/A,3.0,0,0,1,0
和平國小,shelter,High,,1,0,1,0
豐南社區活動中心,shelter,Critical,,1,0,1,0
玉寶宮,shelter,High,,1,0,1,0
永豐社區活動中心,shelter,Critical,,1,0,1,0
富里老人文康中心,shelter,Critical,,1,0,1,0
石平社區活動中心,shelter,Critical,,1,0,1,0
富里鄉公所2樓,shelter,High,,1,0,1,0
石牌社區活動中心,shelter,High,,1,0,1,0
明里社區活動中心,shelter,High,,1,0,1,0
羅山縱管處,shelter,Critical,,1,0,1,0
古風國小,shelter,Critical,,1,0,1,0
崙天社區活動中心,shelter,Critical,,1,0,1,0
新興竹田聯合社區活動中心,shelter,Low,,1,0,0,0
萬寧社區活動中心,shelter,Low,,1,0,1,1
東里社區活動中心,shelter,Low,,1,0,0,1
長良社區活動中心,shelter,Critical,,1,0,0,0
清水社區活動中心,shelter,Critical,,1,0,1,0
吳江社區活動中心,shelter,Critical,,1,0,0,0
卓樂社區活動中心,shelter,Critical,,1,0,1,0
樂合社區活動中心,shelter,Critical,,1,0,0,0
源城社區活動中心,shelter,Critical,,1,0,0,1
玉里慈惠堂,shelter,Low,,1,0,0,0
中正堂,shelter,Low,,1,0,0,0
東豐社區活動中心,shelter,Critical,,1,0,0,0
卓溪多功能活動中心,shelter,Critical,,1,0,0,1
大禹社區活動中心,shelter,High,,1,0,0,0
觀音社區活動中心,shelter,Critical,,1,0,0,0
太平國小,shelter,Critical,,1,0,0,0
太平社區活動中心,shelter,Critical,,1,0,1,1
松浦社區活動中心,shelter,Critical,,1,0,0,0
三民社區活動中心,shelter,Critical,,1,0,1,0
古楓社區活動中心,shelter,Critical,,1,0,0,0
立山社區活動中心,shelter,Critical,,1,0,0,0
崙山國小,shelter,High,,1,0,0,0
崙山社區活動中心,shelter,High,,1,0,1,0
春日社區活動中心,shelter,High,,1,0,1,0
舞鶴社區活動中心,shelter,High,,1,0,1,0
靜浦國小大禮堂,shelter,Critical,,1,0,0,0
德武里原住民多功能活動中心,shelter,Critical,,1,0,1,0
港口活動中心,shelter,High,,1,0,0,0
瑞穗青蓮寺,shelter,High,,1,0,1,0
花蓮縣鶴岡國民小學,shelter,High,,1,0,1,0
瑞良社區活動中心,shelter,High,,1,0,0,0
花蓮縣瑞穗鄉瑞美國民小學,shelter,High,,1,0,0,0
瑞美社區活動中心,shelter,High,,1,0,1,0
奇美社區活動中心,shelter,Critical,,1,0,0,0
紅葉社區活動中心,shelter,High,,1,0,0,0
花蓮縣立瑞穗國民中學,shelter,Low,,1,0,0,0
瑞祥社區活動中心,shelter,Critical,,1,0,0,0
瑞穗社區活動中心,shelter,Low,,1,0,0,0
豐裡活動中心,shelter,High,,1,0,0,1
鶴岡社區活動中心,shelter,Critical,,1,0,1,0
瑞北社區活動中心,shelter,High,,1,0,0,0
八里灣基督長老教會,shelter,Critical,,1,0,0,0
富民社區活動中心,shelter,Low,,1,0,1,0
馬遠社區活動中心,shelter,Critical,,1,0,0,0
馬遠國民小學,shelter,Critical,,1,0,0,0
富源社區活動中心,shelter,Low,,1,0,1,0
富源消防分隊,shelter,Low,,1,0,0,0
富興社區活動中心,shelter,Low,,1,0,0,0
光復自強外役監獄,shelter,High,,1,0,0,1
花東山琉璃禪寺,shelter,Critical,,1,0,0,1
豐濱國中禮堂,shelter,Critical,,1,0,0,0
大富國小,shelter,Low,,1,0,0,0
大興國小,shelter,High,,1,0,1,0
大興活動中心,shelter,Critical,,1,0,1,0
東興部落原住民多功能活動中心,shelter,High,,1,0,0,0
馬佛活動中心,shelter,Low,,1,0,0,0
砂荖活動中心,shelter,Critical,,1,0,0,0
新社國小二樓綜合教室,shelter,High,,1,0,0,0
光復鄉立托兒所,shelter,High,,1,0,0,0
西南活動中心,shelter,High,,1,0,0,0
太巴塱國小,shelter,High,,1,0,0,0
大同活動中心,shelter,High,,1,0,1,0
光復鄉公所,shelter,High,,1,0,1,0
光復國中,shelter,High,,1,0,0,0
東富國小,shelter,Critical,,1,0,1,0
馬太鞍社區活動中心,shelter,High,,1,0,1,0
明利社區活動中心,shelter,High,,1,0,0,0
磯崎村辦公處活動中心,shelter,Critical,,1,0,0,0
長橋社區活動中心,shelter,Low,,1,0,0,0
萬榮鄉立幼兒園,shelter,High,,1,0,0,0
萬榮社區活動中心,shelter,High,,1,0,0,0
森榮里辦公處,shelter,Critical,,1,0,0,0
鳳信社區活動中心,shelter,Low,,1,0,0,0
樂活會館,shelter,Low,,1,0,1,0
鳳林鎮藝文中心,shelter,Low,,1,0,1,0
鳳林國中進德堂,shelter,Low,,1,0,1,0
鳳林鎮公所,shelter,Low,,1,0,1,0
"鳳禮,鳳智里活動中心",shelter,Low,,1,0,1,0
鳳義社區活動中心,shelter,High,,1,0,1,0
鳳仁社區活動中心,shelter,Low,,1,0,0,0
鳳仁國小羽球館,shelter,Low,,1,0,0,0
大榮2村社區活動中心,shelter,Low,,1,0,0,0
大榮1村社區活動中心,shelter,Low,,1,0,0,0
北林3村社區活動中心,shelter,Low,,1,0,1,0
南平社區活動中心,shelter,Low,,1,0,0,0
水璉活動中心,shelter,Critical,,1,0,1,0
見晴國民小學,shelter,Low,,1,0,1,1
米棧活動中心,shelter,High,,1,0,1,0
林榮社區活動中心,shelter,Low,,1,0,0,0
溪口活動中心,shelter,High,,1,0,1,1
豐坪活動中心,shelter,Low,,1,0,0,0
樹湖活動中心,shelter,Critical,,1,0,0,0
豐山國小,shelter,Low,,1,1,1,0
豐山活動中心,shelter,Low,,1,0,0,0
西林社區活動中心,shelter,High,,1,0,0,0
西林天主堂,shelter,High,,1,0,0,0
月眉國小,shelter,Critical,,1,0,1,0
月眉國小-米棧分校,shelter,Critical,,1,0,1,0
壽豐活動中心,shelter,High,,1,0,0,0
共和活動中心,shelter,High,,1,0,1,0
壽豐鄉公所,shelter,Critical,,1,0,0,0
文化中心,shelter,Critical,,1,0,0,0
鹽寮活動中心,shelter,High,,1,0,1,0
光榮活動中心,shelter,Critical,,1,0,0,0
平和活動中心,shelter,Critical,,1,0,1,0
月眉活動中心,shelter,Medium,,1,0,1,0
志學活動中心,shelter,Medium,,1,0,1,0
池南活動中心,shelter,Critical,,1,0,0,0
光華活動中心,shelter,Low,,1,0,1,0
干城活動中心,shelter,Low,,1,0,1,0
文蘭活動中心,shelter,Critical,,1,0,0,0
仁安活動中心,shelter,Low,,1,0,1,0
南華活動中心,shelter,Low,,1,0,1,0
稻香活動中心,shelter,Low,,1,0,1,0
永興活動中心,shelter,Low,,1,0,1,0
仁和活動中心,shelter,Low,,1,0,1,0
銅門收容所,shelter,Critical,,1,0,0,0
東昌活動中心,shelter,High,,1,0,1,0
仁里活動中心,shelter,High,,1,0,1,0
主農社區活動中心,shelter,High,,1,0,1,0
福興活動中心,shelter,Low,,1,0,1,0
南昌活動中心,shelter,Medium,,1,0,1,0
中正國小,shelter,Medium,,1,0,1,0
中原國小文中三國中預定地,shelter,High,,1,0,1,0
吉安國小,shelter,Low,,1,0,1,0
花蓮城隍廟香客大樓,shelter,Medium,,1,0,1,0
吉安活動中心,shelter,Low,,1,0,1,0
五穀宮,shelter,Medium,,1,0,1,0
勝安活動中心,shelter,High,,1,0,1,0
宜昌活動中心,shelter,High,,1,0,1,0
忠孝國小,shelter,Medium,,1,0,1,0
主權社區活動中心,shelter,Medium,,1,0,1,0
勝安宮,shelter,High,,1,0,1,0
聖地慈惠堂,shelter,High,,1,0,1,0
中正體育館,shelter,Critical,,1,0,1,0
國風國中,shelter,Medium,,1,0,1,0
明義國小,shelter,High,,1,0,1,0
花蓮市公所,shelter,High,,1,0,1,0
慶豐活動中心,shelter,High,,1,0,1,0
國立花蓮農業職業學校,shelter,Medium,,1,0,1,0
花蓮高商,shelter,Medium,,1,0,1,0
北昌活動中心,shelter,Low,,1,0,1,0
南美崙營區,shelter,High,,1,0,1,0
永安活動中心,shelter,Medium,,1,0,1,0
中華國小,shelter,Critical,,1,0,1,0
鑄強國小,shelter,Medium,,1,0,1,0
太昌活動中心,shelter,Low,,1,0,1,0
明廉國小,shelter,Low,,1,0,1,0
"慈濟大學附設國民中學,小學",shelter,Medium,,1,0,1,0
美崙國中,shelter,Medium,,1,0,1,0
自強國中,shelter,Low,,1,0,1,0
花蓮高工,shelter,High,,1,0,1,0
慈濟大學人文社會學院,shelter,High,,1,0,1,0
私立四維高級中學,shelter,Medium,,1,0,1,0
行政院國軍退除役官兵輔導委員會花,shelter,High,,1,0,1,0
民孝社區活動中心,shelter,High,,1,0,1,0
衛生福利部東區老人之家養護院區,shelter,High,,1,0,1,0
水源收容所,shelter,Critical,,1,0,1,0
大陳二村活動中心,shelter,Medium,,1,0,1,0
花蓮縣立體育場,shelter,High,,1,0,1,0
嘉新社區活動中心,shelter,High,,1,0,1,0
花蓮港天宮,shelter,High,,1,0,1,0
國福社區活動中心,shelter,High,,1,0,1,0
佳林社區活動中心,shelter,High,,1,0,1,0
國軍805醫院,shelter,High,,1,0,1,0
七星潭社區活動中心,shelter,Critical,,1,0,1,0
基督教芥菜種會,shelter,High,,1,0,1,0
北埔社區活動中心,shelter,High,,1,0,1,0
大漢社區活動中心,shelter,Low,,1,0,1,0
復興南營區,shelter,Low,,1,0,1,0
新城鄉立圖書館,shelter,Medium,,1,0,1,0
新城鄉原住民文化館,shelter,Medium,,1,0,1,0
樹林腳社區活動中心,shelter,High,,1,0,1,0
康樂社區活動中心,shelter,Medium,,1,0,1,0
佳民國小收容所,shelter,Medium,,1,0,1,0
景美活動中心,shelter,High,,1,0,1,0
北三棧社區活動中心,shelter,Medium,,1,0,1,0
順安農宅示範中心,shelter,Low,,1,0,1,0
秀林國小收容所,shelter,High,,1,0,1,0
禪光育幼院,shelter,Low,,1,0,1,0
天主教聲遠之家,shelter,Low,,1,0,1,0
新城社區活動中心,shelter,Low,,1,0,1,0
興田社區活動中心,shelter,Low,,1,0,1,0
富世活動中心,shelter,Critical,,1,0,1,0
崇德國小收容所,shelter,High,,1,0,1,0
和平活動中心,shelter,High,,1,0,1,0
